bin_lo,n,p_mean,obs_freq,gap
0.1,80,0.1568152340110272,0.125,0.031815234011027205
0.2,247,0.2549297382088998,0.22267206477732793,0.032257673431571876
0.3,68,0.3510926367592261,0.38235294117647056,0.03126030441724448
0.4,58,0.4501626084406615,0.5172413793103449,0.06707877086968334
0.5,49,0.539197065734518,0.6122448979591837,0.07304783222466571
0.6,39,0.6401862186261519,0.6666666666666666,0.026480448040514748
